Date,Title,Subtitle,Source
2021-08-23 12:02:55+00:00,How the Taliban mastered social media,The Afghanistan of today is very different from the place where the internet was banned in 2001.,NYT
2021-08-23 12:02:55+00:00,You might have already had a breakthrough covid-19 infection,"Yet again, efforts to fight the virus are being bedeviled by a lack of reliable, good quality data.",New Yorker
2021-08-23 12:02:55+00:00,Amazon's next big idea? Build department stores,And thus the cycle of tech companies inventing solutions to the problems they helped create continues.,The Atlantic
2021-08-23 12:02:55+00:00,China has just passed one of the world's strictest data privacy laws,This will curb data collection by private companies. The state? Not so much.,WSJ
2021-08-23 12:02:55+00:00,We need to treat space traffic like we treat the high seas Ô∏è,Maritime law could help us to prevent a future plague of satellite crashes.,TR
2021-08-23 12:02:55+00:00,Why the world's biggest computer chip exists,It's all about accelerating AI.,New Yorker
2021-08-23 12:02:55+00:00,The commute is the reason so many of us don't want to go to the office,And it'll be even worse for the people who've moved further away during the pandemic.,Axios
2021-08-23 12:02:55+00:00,Should doxxing be illegal?,This question is much harder to answer than you might think.,The Markup
2021-08-23 12:02:55+00:00,How the disinformation problem got so bad,"This issue is much older, and much more complex, than we've been led to believe.",Harper's Magazine
2021-08-23 12:02:55+00:00,The man who worked as a double agent for Apple,One of the most powerful yet also one of the most paranoid companies out there.,Vice
2021-08-20 12:03:39+00:00,Afghanistan poses a crowdfunding conundrum,Good intentions are bumping up against the harsh realities on the ground.,NYT
2021-08-20 12:03:39+00:00,Those ubiquitous plastic barriers? They might be making things worse.,They're disrupting the usual flow of ventilation.,NYT
2021-08-20 12:03:39+00:00,The FTC is suing Facebook again,The suit seeks to force Facebook to sell off Instagram and WhatsApp.,Politico
2021-08-20 12:03:39+00:00,Chinese astronomers want to build an observatory in the Tibetan Plateau,A new study suggests the summit of Saishiteng Mountain has lots of potential.,TR
2021-08-20 12:03:39+00:00,Toyota is going to have to cut production by 40% from next month,The ripple effects from the global chip shortage are just getting bigger and bigger.,WSJ
2021-08-20 12:03:39+00:00,OnlyFans says it's going to ban sexually explicit content,Isn't that‚Ä¶ most of its business?,TechCrunch
2021-08-20 12:03:39+00:00,It's hard to be rational ü§î,The real challenge isn‚Äôt being right but knowing how wrong you might be.,New Yorker
2021-08-20 12:03:39+00:00,These crypto traders want payback for losses caused by Binance glitches,"Whether they win or lose, they'll set an important precedent for the industry as a whole.",NBC
2021-08-20 12:03:39+00:00,Tesla says it's building a humanoid robot,"But ""it probably won't work"", according to Elon Musk. Cool!",CNBC
2021-08-20 12:03:39+00:00,"The case for ""longform"" music ",Enough with the endless curation. Listen to an album and let go.,Wired
2021-08-19 12:03:12+00:00,Israel is battling a new surge of covid-19 infections,Despite having one of the highest vaccination rates of any country.,NYT
2021-08-19 12:03:12+00:00,The Taliban run a sophisticated social media operation,"So sophisticated, in fact, that some are convinced they're being advised by PR firms.",WP
2021-08-19 12:03:12+00:00,Facebook says it's about to launch its digital wallet,"""Novi"" will offer free person-to-person payments.",FT
2021-08-19 12:03:12+00:00,Big Tech is bending to the Indian government's will,It seems a market of 1.3 billion people is too lucrative to resist.,Wired
2021-08-19 12:03:12+00:00,How DDoSecrets eclipsed Wikileaks,They're the new hacktivists on the block.,The New Republic
2021-08-19 12:03:12+00:00,School boards are the front line in America's culture war,And the promise of people's rants going viral online is making everything so much worse.,Vice
2021-08-19 12:03:12+00:00,Three former Netflix software engineers were charged with insider trading,They allegedly made $3 million illegally trading shares using insider information about the company's subscriber growth.,BBC
2021-08-19 12:03:12+00:00,How social media redesigns manipulate us,"Twitter's new font might seem subtle, but the effects of these sorts of changes are anything but.",New Yorker
2021-08-19 12:03:12+00:00,This startup is selling the dream of supersized testicles,Sounds like a load of balls to me.,Wired UK
2021-08-19 12:03:12+00:00,The 3D-printed home has arrived ,"And it could help with two major challenges: a shortage of housing, and climate change.",The Economist
2021-08-18 12:04:31+00:00,The Taliban has seized US military biometrics devices,It's incredible that this was allowed to happen.,The Intercept
2021-08-18 12:04:31+00:00,How to navigate the delta variant if you're vaccinated,It is a minefield.,The Guardian
2021-08-18 12:04:31+00:00,The case for breaking up Big Ag ,"Agriculture has become increasingly concentrated in the hands of a few companies, and the knock-on effects are disastrous.",New Yorker
2021-08-18 12:04:31+00:00,Are we ready for the electric car boom?,Reducing the use of scarce metals‚Äîand recycling them‚Äîwill be crucial.,Nature
2021-08-18 12:04:31+00:00,Facebook has a big misinformation problem. How big? It won't say,"And it's getting even harder to find out, as the company puts the squeeze on external efforts to study it.",Vox
2021-08-18 12:04:31+00:00,Someone keeps stealing book manuscripts ,"This crazy, mysterious tale is worthy of a novel itself.",Vulture
2021-08-18 12:04:31+00:00,Is digital technology making us less moral?,"Evidence suggests that it's eroding our attention, which is eroding our moral attention, which is eroding our empathy.",Vox
2021-08-18 12:04:31+00:00,How a reggae legend went on to become an emoji,"The human stories behind emoji creation are often fascinating, and this is no exception.",BBC
2021-08-18 12:04:31+00:00,A lot of workers would rather quit than stop being remote,"We've tasted freedom, and now we really don't want to give it up, thank you very much.",Wired UK
2021-08-18 12:04:31+00:00,"Gen Z's on LinkedIn, and it's laughing at it","Let's be honest, it's totally ripe for mockery.",Bloomberg
2021-08-17 12:02:54+00:00,Afghans are trying to erase their online lives,"The fear of Taliban retribution is huge, and justified.",Wired UK
2021-08-17 12:02:54+00:00,How the pandemic got so bad in Florida,"Worryingly for the rest of the country, there's a lot more we don't know than we do know.",The Atlantic
2021-08-17 12:02:54+00:00,New Zealand has gone back into lockdown,Due to one covid case.,BBC
2021-08-17 12:02:54+00:00,Saturn‚Äôs insides are sloshing around ü™ê,"A new paper suggests Saturn‚Äôs core is bigger than previously thought, and more like a fluid than a solid.",TR
2021-08-17 12:02:54+00:00,Western states in the US are facing their first federal water cuts,Water levels at the largest reservoir on the Colorado River have fallen to record lows.,AP
2021-08-17 12:02:54+00:00,The US government is formally investigating Tesla Autopilot,The feature has frequently been misused by drivers.,NBC
2021-08-17 12:02:54+00:00,How Twitter's internal culture went sour,A prominent new hire seems to have rattled nerves among employees.,NYT
2021-08-17 12:02:54+00:00,What's social media doing to our mental health? üß†,The science is far weaker than most admit.,Gizmodo
2021-08-17 12:02:54+00:00,"A CGI replica of Nvidia's CEO delivered a speech, and no one realized","Impressive, yet freaky.",Input
2021-08-17 12:02:54+00:00,We have a new world record for an exact pi figure,Swiss researchers hit 62.8 trillion figures using a supercomputer.,Phys
2021-08-16 12:03:34+00:00,Kabul airport is in chaos,"The Taliban is now in charge in Afghanistan, prompting many to try to flee.",Reuters
2021-08-16 12:03:34+00:00,"Rescuers are hunting for survivors after Haiti's earthquake killed 1,297",The disaster further compounds the huge problems facing the impoverished nation.,BBC
2021-08-16 12:03:34+00:00,Why your efforts to convince anti-vaxxers are failing,"Basically, people find it incredibly hard to admit when they're wrong.",The Guardian
2021-08-16 12:03:34+00:00,The case for scrapping travel bans,"International travel rules are currently ineffective, illiberal and often useless.",The Economist
2021-08-16 12:03:34+00:00,Scammers managed to steal up to $400 billion of covid benefits,Experts say it's the biggest fraud ever perpetrated against the US.,NBC
2021-08-16 12:03:34+00:00,The professor who foresaw the dark side of the internet,"Unfortunately, no one listened to Philip Agre's eerily prescient predictions in the 1990s.",WP
2021-08-16 12:03:34+00:00,The latest hot new trend? Meeting online friends IRL ü§ù,"As we've all discovered this past year or so, there's something indefinably great about human interaction.",NYT
2021-08-16 12:03:34+00:00,Some remote workers have a secret: they do two jobs,The money is incredible. But so is the stress.,WSJ
2021-08-16 12:03:34+00:00,How data science helped to identify the creepiest word in Macbeth ,You won't be able to guess it.,OneZero
2021-08-16 12:03:34+00:00,The crazy logistics of Istanbul grand canal project ,There is a LOT that could go wrong here.,Wired UK
2021-08-13 12:04:06+00:00,The FDA approved third covid shots for immunocompromised people,"Some people, such as cancer or HIV patients, don't seem to produce a sufficient immune response after two doses.",CNBC
2021-08-13 12:04:06+00:00,New research suggests hydrogen may be pretty bad for the climate,"It's seen as the clean energy of the future, but the extraction process emits vast amounts of carbon dioxide.",NYT
2021-08-13 12:04:06+00:00,Incels keep trying to take over Reddit's largest dating forum,The moderators keeping this nonsense at bay deserve some sort of medal.,Mel
2021-08-13 12:04:06+00:00,Inside Substack's risky global expansion,It's going to have to grapple with threats to press freedom more than ever before.,Rest of World
2021-08-13 12:04:06+00:00,China's tech industry has a huge sexism problem,A rape allegation at Alibaba has shone a spotlight on the appalling conditions for women at some of China's tech giants.,NYT
2021-08-13 12:04:06+00:00,How a 36-year-old billionaire took over GameStop,Audacious barely begins to cover this.,WSJ
2021-08-13 12:04:06+00:00,The dark side of Instagram's craze for cute hedgehogs ü¶î,"There's practically no way to know if that adorable animal you ""like"" online is being treated properly.",Wired
2021-08-13 12:04:06+00:00,"We need to work on the ""therapy"" part of psychedelic therapy","It's mostly done with individuals, but is there a case for group sessions?",NEO.LIFE
2021-08-13 12:04:06+00:00,Animal Crossing has got kinda dark recently üßü,"Out with the wholesome greenery, in with the zombies.",CNET
2021-08-13 12:04:06+00:00,"If asteroid Bennu hits Earth, it won't be for AGES",Oh good. Now we can worry about‚Ä¶ all the other stuff.,Scientific American
2021-08-12 12:01:27+00:00,How will the coronavirus evolve?,"This is the trillion dollar question. Thankfully, there are reasons to be optimistic.",New Yorker
2021-08-12 12:01:27+00:00,NASA's $1 billion spacesuit program may delay its 2024 moon goal üßë‚Äç,"It's starting to look inevitable that the timetable will slip, potentially quite significantly.",WP
2021-08-12 12:01:27+00:00,An addiction risk algorithm may be worsening the US opioid crisis,"If you're an American, you probably have one of these overdose risk scores without even realizing.",Wired
2021-08-12 12:01:27+00:00,It seems Sicily just hit the hottest-ever temperature recorded in Europe,The measurement of 119.85¬∞F is awaiting verification.,Axios
2021-08-12 12:01:27+00:00,Facebook is failing England's Black soccer players,"It's doing very little to stop racist abuse, and trying to shift the responsibility onto individuals.",NYT
2021-08-12 12:01:27+00:00,The hackers who stole cryptocurrency have given back $260 million of it,"""Soz, didn't really mean to steal that $600 million! Lol! Kthnxbi!""",BBC
2021-08-12 12:01:27+00:00,A woman got an AI to write about her sister's death,"It's a deeply emotional experiment, but if anything, it only shows how limited this technology still is.",Believer
2021-08-12 12:01:27+00:00,Instagram's creatives are unhappy about its move to video ü§≥,We don't need another TikTok.,The Guardian
2021-08-12 12:01:27+00:00,"""Hybrid"" office arrangements encourage cliques",The Monday-Wednesday tribe may never even need to interact with the Thursday-Friday folks.,Wired UK
2021-08-12 12:01:27+00:00,Why are CAPTCHA pictures just‚Ä¶ so deeply depressing?,"They are by AI, for AI.",OneZero
2021-08-11 12:03:47+00:00,Florida has become the epicenter of the pandemic in the US,"And instead of responding to the crisis, officials are squabbling over data.",Ars Technica
2021-08-11 12:03:47+00:00,Hackers made off with $600 million in cryptocurrency ,"This must be one of the biggest heists of its kind ever, enabled by a vulnerability in blockchain site Poly Network.",BBC
2021-08-11 12:03:47+00:00,Chameleon-inspired robot skin changes colors instantly,What a fabulous invention.,TR
2021-08-11 12:03:47+00:00,Inside the White House/Facebook fight over vaccine misinformation ,"Yet again, it's clear that Facebook either doesn't know, or won't reveal, the size of the problem.",NYT
2021-08-11 12:03:47+00:00,Why is tech illustration so boring?,"You may not have heard of ""corporate memphis,"" but you've almost certainly seen it.",Protocol
2021-08-11 12:03:47+00:00,Google might cut the pay of workers who want to stay remote,Anyone affected who'd like to argue back might want to point to its latest financial results.,Reuters
2021-08-11 12:03:47+00:00,What do you do in the 10 seconds before an earthquake hits? ‚è±Ô∏è,Early warning systems have vastly improved. The question is what we do with the information they provide.,New Yorker
2021-08-11 12:03:47+00:00,Meet the people who share all their financial transactions openly online,It's the voyeurs on the other end that confuse me. Why? Who even has the time?,The Guardian
2021-08-11 12:03:47+00:00,One man's year-long quest to get an Indian driver's license ,There are few things more frustrating than technology that simply... does not work.,FT
2021-08-11 12:03:47+00:00,Rickrolling just never gets old,"Rick Astley's ""Never Gonna Give You Up"" has surpassed a billion views on YouTube. Well done everyone.",WP
2021-08-10 12:03:10+00:00,"If we don't act to stop climate change now, we never will","Amid floods, fires, and extreme heat, many of us are reaching our own personal ""tipping point.""",The Atlantic
2021-08-10 12:03:10+00:00,US military personnel will be required to get vaccinated against covid-19,The rule is expected to come in some time next month.,CNN
2021-08-10 12:03:10+00:00,A new generation of AI-powered robots is taking over warehouses ü§ñ,"The big question is whether they will augment, or replace, the people who work in them currently.",TR
2021-08-10 12:03:10+00:00,Twitter's racist image-cropping algorithm is also sexist and ageist,This is bad‚Äîand totally rife within AI.,The Verge
2021-08-10 12:03:10+00:00,How well can animals grasp numbers?,"Even better than we'd previously believed, it seems.",Quanta
2021-08-10 12:03:10+00:00,Text memes are taking over Instagram,It's not just Gen Z either. My teen idol Courtney Love is getting in on the act.,NYT
2021-08-10 12:03:10+00:00,Smiley emojis might not mean what you think ,It's a minefield out there.,WSJ
2021-08-10 12:03:10+00:00,Office politics are moving into the home,"If you still haven't claimed a permanent workstation, please do get on with it, for the sake of your mental health.",Axios
2021-08-10 12:03:10+00:00,Are lightsabers theoretically possible?,Kind of.,Gizmodo
2021-08-09 12:03:33+00:00,The IPCC has delivered its grimmest warning yet about climate change,"We still have time to avert catastrophic heating, but it is rapidly running out.",The Economist
2021-08-09 12:03:33+00:00,The Delta variant has upended our risk calculations,"It's a struggle to walk the line between ""totally terrified"" and ""totally relaxed"", yet walk it we must.",Wired
2021-08-09 12:03:33+00:00,Call center workers are being forced to accept home surveillance ,I wonder how Teleperformance's CEO would respond to someone trying to put a camera in his bedroom.,NBC
2021-08-09 12:03:33+00:00,"When customers leave bad Amazon reviews, some sellers hunt them down",Yet more evidence that online reviews are broken.,WSJ
2021-08-09 12:03:33+00:00,China's Big Tech crackdown has lopped $87 billion off tycoons' fortunes,"Colin Huang, who founded Pinduoduo, lost a third of his wealth in just a couple of months.",FT
2021-08-09 12:03:33+00:00,Facebook is blocking researchers who want to study it,"Allegedly due to privacy concerns, but it looks like an effort to dodge scrutiny.",The Atlantic
2021-08-09 12:03:33+00:00,What rats can teach us about human empathy ‚ù§Ô∏è,Rats are far more likely to rush to the rescue of rats they identify with.,Wired
2021-08-09 12:03:33+00:00,It's not just you‚Äîtaxi app prices really are higher,"Uber, Lyft and others are grappling with an acute shortage of drivers.",NPR
2021-08-09 12:03:33+00:00,How did witches share knowledge before TikTok? üßô‚Äç‚ôÄÔ∏è,"The Pagan And Occult Distribution Network, or PODSnet, launched in the 1980s.",Vice
2021-08-09 12:03:33+00:00,"If you think going back to the office means no more Zoom, think again","It's here to stay, whether we like it or not.",Wired UK
2021-08-06 12:11:45+00:00,Predicting viral evolution may help us make vaccines in advance,It‚Äôs a way to give the immune system a leg up.,Economist
2021-08-06 12:11:45+00:00,Apple will scan iPhones and iCloud for child abuse images,"The firm says privacy will be protected, but experts have issues.",Wired
2021-08-06 12:11:45+00:00,Southern Europe is being ravaged by wildfires,The raging fires and smoke are forcing mass evacuations.,NYT
2021-08-06 12:11:45+00:00,Facebook wants us to live in the ‚Äúmetaverse‚Äù,But what does that even mean?,New Yorker
2021-08-06 12:11:45+00:00,Google wants to know if it‚Äôs possible to recycle hard drives,It could be one way to mitigate the toll of rare earth mining.,Grist
2021-08-06 12:11:45+00:00,"Tickets for Virgin Galactic flights are now available‚Äîat $450,000 a go","Get in line, there are already 600 people ahead of you.",Verge
2021-08-06 12:11:45+00:00,Medical AI can detect your race from X-ray scans,"This is problematic for many, many reasons.",Wired
2021-08-06 12:11:45+00:00,Biden wants half of all US vehicles to be electric by 2030,New fuel efficiency standards will also come into force.,Guardian
2021-08-06 12:11:45+00:00,Why regulators need to treat stablecoins like banks,Crypto isn‚Äôt a danger to the current financial system‚Ä¶ yet.,Economist
2021-08-06 12:11:45+00:00,"Sorry, your inbox is just a shopping mall now",So. Many. EMAILS.,Atlantic
2021-08-05 12:04:01+00:00,The world has passed 200 million official cases,It‚Äôs another grim milestone.,NYT
2021-08-05 12:04:01+00:00,How many people have long covid?,The number is frustratingly hard to pin down.,Wired UK
2021-08-05 12:04:01+00:00,Facebook has cut off the accounts of two scientists that study political ads,It‚Äôs a long-running standoff.,Protocol
2021-08-05 12:04:01+00:00,Airlines are now using IBM‚Äôs blockchain vaccine passport,And 474 airlines could use it from today.,Quartz)
2021-08-05 12:04:01+00:00,How we can transform our energy system,Here are our milestones to net zero. We just need to get on with it.,New Scientist
2021-08-05 12:04:01+00:00,Robots are learning to unload lorries,Sounds easy‚Äîbut machines often struggle with this sort of stuff.,Economist
2021-08-05 12:04:01+00:00,The six countries most likely to survive a climate-induced societal breakdown,"Can we maybe, erm, not get to that stage please?",Mic
2021-08-05 12:04:01+00:00,How non-disclosure agreements silence gig workers,Even if they‚Äôve been car-jacked.,The Markup
2021-08-05 12:04:01+00:00,Why streaming space tourism is the new reality TV,You can‚Äôt afford it. So watch it on Netflix.,Vox
2021-08-05 12:04:01+00:00,"Watch a hacker hijack a capsule hotel‚Äôs lights, fans and beds",Nowhere is safe.,Wired
2021-08-04 12:03:44+00:00,The US needs to watch the UK to understand delta,"Here, we‚Äôve been living with delta for months.",Atlantic
2021-08-04 12:03:44+00:00,Here‚Äôs how to prove your vaccine status with your smartphone,A how-to guide for the confused.,WaPo
2021-08-04 12:03:44+00:00,These are all the connections in a piece of mouse brain the size of a grain of sand,There are more than half a billion‚Äîand they‚Äôve all been mapped.,TR
2021-08-04 12:03:44+00:00,What if bitcoin went to zero?,A worst case scenario is not hard to imagine.,Economist
2021-08-04 12:03:44+00:00,The people who train self-driving cars for $1 an hour,The outsourcing of AI labor to the global South.,Rest of World
2021-08-04 12:03:44+00:00,"Facebook wants to make encryption and ads work together, apparently","It wants to read your personal info, while keeping it secure.",The Information
2021-08-04 12:03:44+00:00,The left-wing activists bringing back MAGA Twitter,"Not convinced this is a great idea, to be honest.",Atlantic
2021-08-04 12:03:44+00:00,Inside the collapse of Amazon‚Äôs UK drone delivery business,Some amazing tales of corporate dysfunction here.,Wired UK
2021-08-04 12:03:44+00:00,Boeing‚Äôs Starliner launch has been delayed indefinitely,Not a good look.,WaPo
2021-08-04 12:03:44+00:00,Pok√©mon wants to send players back outside again,And the players are saying... nope.,Guardian
2021-08-03 12:03:36+00:00, How Saudi Arabia is weaponizing social media,Murdered journalist Jamal Khashoggi faced a swarm of online harassment.,The Intercept
2021-08-03 12:03:36+00:00,People looking for unauthorized covid booster shots are causing havoc,Anxious patients are trying to beat the system.,Stat
2021-08-03 12:03:36+00:00,How France tamed Google,"The money is meaningless, but the changes will be profound.",Wired UK
2021-08-03 12:03:36+00:00,Is lab-meat about to hit your dinner plates?,A note of caution/skepticism here.,Mother Jones
2021-08-03 12:03:36+00:00,Germany is testing out electrified highways,It could be the best way to reduce truck emissions.,NYT
2021-08-03 12:03:36+00:00,Forests in the US that generate carbon offsets for companies are on fire,The irony is painful.,FT
2021-08-03 12:03:36+00:00,Google‚Äôs new phones come with their own custom chip,Here‚Äôs everything you need to know about Tensor.,Wired
2021-08-03 12:03:36+00:00,Hospitals still use pneumatic tubes‚Äîand they can be hacked,"Old tech, new problems.",Wired
2021-08-03 12:03:36+00:00,Inside the world of the Bored Ape Yacht Club,It‚Äôs an NFT thing. And it means big $$$.,New Yorker
2021-08-03 12:03:36+00:00,What to do when a space station starts doing backflips,Try not to freak out.,NYT
2021-08-02 12:04:40+00:00,We‚Äôre in a strange new stage of the pandemic,Cases are surging but deaths are not.,New Yorker
2021-08-02 12:04:40+00:00,Why managers fear a remote work future,Business leaders need to ask themselves some tough questions.,Atlantic
2021-08-02 12:04:40+00:00,The influencer army that's been recruited to get people vaccinated,The White House has teamed up with TikTok stars to push pro-vaccine messages.,NYT
2021-08-02 12:04:40+00:00,An endlessly changing playground teaches AIs how to multitask,Virtual game worlds could help nudge AI towards general intelligence.,TR
2021-08-02 12:04:40+00:00,Why Mark Zuckerberg‚Äôs ‚Äúmetaverse‚Äù already sucks,"Nevermind creepy, it‚Äôs just boring.",Wired UK
2021-08-02 12:04:40+00:00,Police can get hold of your data‚Äîeven if you aren‚Äôt suspected of anything,And you might never know about it.,Vox
2021-08-02 12:04:40+00:00,How SpaceX saved NASA $500m with a single rocket,And that means we get more space science bang for our buck.,Quartz
2021-08-02 12:04:40+00:00,A scientific brain drain is hitting the US,And it could affect Biden‚Äôs climate plans.,NYT
2021-08-02 12:04:40+00:00,The first ever ‚Äútime crystal‚Äù may have been created,And it was built inside a quantum computer. Very cool stuff.,Quanta
2021-08-02 12:04:40+00:00,Underwater drones are finding America‚Äôs war dead,Wreckage and remains lost since 1967 have been found off Vietnam‚Äôs coast.,NYT
2021-07-30 12:04:05+00:00,"US federal workers and the military will have to be vaccinated, says Biden",The president said those refusing a vaccine can expect ‚Äòinconveniences.‚Äô ,NYT
2021-07-30 12:04:05+00:00,How many people really have long covid?,It‚Äôs proving impossible to pin down.,Wired UK
2021-07-30 12:04:05+00:00,A Russian module on the ISS suddenly fired its thrusters after docking,"That was‚Ä¶ erm, not planned.",ArsTechnica
2021-07-30 12:04:05+00:00,Is lab meat really going to solve our agriculture problem?,The nascent industry needs to scale and grow in a careful way.,Guardian
2021-07-30 12:04:05+00:00,An oral history of Black Twitter,"Its codes, customs and deep-rooted problems.",Wired
2021-07-30 12:04:05+00:00,The Amazon rainforest is approaching the point of no return,It‚Äôs a horrific land grab on an epic scale.,Bloomberg
2021-07-30 12:04:05+00:00,China built the world‚Äôs biggest face recognition system‚Äîbut now it‚Äôs camera-shy,Public worries about privacy are being recognized.,WaPo
2021-07-30 12:04:05+00:00,How Japan is trying to deal with Tokyo's intense heat,Ways to keep athletes cool could help in future heatwaves.,BBC Future
2021-07-30 12:04:05+00:00, A cyclic model of the universe re-thinks the Big Bang,What if the universe enters a new phase every trillion years or so?,Discover
2021-07-30 12:04:05+00:00,Inside the world of StripTok,Where strippers find friendly faces to vent and share tips.,NYT
2021-07-28 12:35:51+00:00,"If you rely on Facebook for news, you're much less likely to be vaccinated",Even more so than if you watch Fox. But is the relationship causal?,WP
2021-07-28 12:35:51+00:00,The first TikTok Olympics,We can see inside the athletes' village like never before.,WP
2021-07-28 12:35:51+00:00,Who should pay to protect Big Tech‚Äôs campuses from rising seas? ,The taxpayer? Or the Silicon Valley giants themselves? I know what I think.,NPR
2021-07-28 12:35:51+00:00,Where does all the poppers come from?,It‚Äôs the go-to sex drug for gay men. But who makes it?,Buzzfeed
2021-07-28 12:35:51+00:00,Virtual reality is the rich white kid of technology,"It's been disappointing us for years, yet tech investors just keep giving it more money and more chances.",Wired
2021-07-28 12:35:51+00:00,Instagram introduced new safety protections for children,But‚Ä¶ it's still ploughing ahead with building a version of the platform for under-13s.,NBC
2021-07-28 12:35:51+00:00,It's 50 years since NASA put a car on the moon,"This is beautifully, quintessentially American.",NYT
2021-07-28 12:35:51+00:00,Activision Blizzard shows how NOT to respond to a sexism lawsuit,"It dismissed the claims, attacked its own employees, and now‚Ä¶ they're going on strike today.",Axios
2021-07-28 12:35:51+00:00,Why to-do apps mostly fail us ,None of them work as well as writing a list on a piece of paper then crossing it off.,Wired
2021-07-28 12:35:51+00:00,How a pioneering teen punk led a movement for disabled people online,This is the internet at its best: connecting people in need of a community.,The Verge
2021-07-27 12:03:36+00:00,What's the toughest Olympic sport? ,A strong case for gymnastics but let's be honest‚Ä¶ they're all incredibly difficult.,Gizmodo
2021-07-27 12:03:36+00:00,See how‚Äîand where‚Äîcovid-19 cases are surging in the US,"Louisiana, Florida, and Arkansas are leading the particularly depressing charge.",STAT
2021-07-27 12:03:36+00:00,Epic's AI is delivering inaccurate information on seriously ill patients,The fact these algorithms are shielded by corporate secrecy makes this problem even worse.,STAT
2021-07-27 12:03:36+00:00,Those QR codes? They're tracking you,"I'll take the paper menu, thanks.",NYT
2021-07-27 12:03:36+00:00,Jeff Bezos is offering NASA $2 billion to reconsider his company for a contract,This really feels... like a bribe?,BBC
2021-07-27 12:03:36+00:00,How tech is changing young peoples' lives,These essays cover everything from language lessons to gaming to livestreamed Alicia Keys concerts.,The Verge
2021-07-27 12:03:36+00:00,We've changed. So should our commutes.,"If you can grasp a bit more flexibility, now's the time to do it.",Wired UK
2021-07-27 12:03:36+00:00,QAnon convinced a man his own son's shooting was a hoax,This is incredibly sad.,Vice
2021-07-27 12:03:36+00:00,Magnetized concrete could charge your car as your drive ,"It‚Äôs called ‚Äòmagment‚Äô, natch.",Engadget
2021-07-27 12:03:36+00:00,"Physicists are in a frenzy over ""fractons""",These strange partial quasiparticles might help tackle some of the grittiest problems in physics.,Quanta
2021-07-26 12:04:02+00:00,A Japanese company is testing a pill for covid-19 ,The once-a-day drug is designed to neutralize the coronavirus in less than a week.,WSJ
2021-07-26 12:04:02+00:00,This man couldn't get over his fianc√©e's death. So he turned her into a chatbot.,Is this good for you? Possibly not. Is it completely understandable? Yes.,SF Chronicle
2021-07-26 12:04:02+00:00,We just got our best-ever look at the inside of Mars,And it's more complex than previously thought.,TR
2021-07-26 12:04:02+00:00,Facebook and religion: a match made in heaven? ‚õ™,"So long as everyone's making plenty of money, it seems.",NYT
2021-07-26 12:04:02+00:00,US Uber and Lyft drivers are being hit by a wave of carjackings,"They have a load of stress to contend with day-to-day anyway, and now this.",The Markup
2021-07-26 12:04:02+00:00,These YouTubers blew the whistle on an anti-vax plot,I suspect we're just seeing a tiny slice of the disinformation-for-hire industry here.,BBC
2021-07-26 12:04:02+00:00,A study found virtual contact was worse than no contact at all for the over 60s,The evidence keeps mounting that humans really need to spend time together in person.,The Guardian
2021-07-26 12:04:02+00:00,Some towns are trying to lure remote workers with cash ,It's not working.,The Atlantic
2021-07-26 12:04:02+00:00,Why jelly is back in fashion,"You can partly thank ASMR, apparently.",Wired UK
2021-07-26 12:04:02+00:00,The day the good internet died,RIP Google Reader.,The Ringer
2021-07-23 12:03:38+00:00,The Olympics could help to carry covid-19 variants all over the world,Or it might not! We just don't know. But we'll find out soon.,Wired
2021-07-23 12:03:38+00:00,What happens when we hit 3¬∞C? Ô∏è,"That is where we're heading. And if we reach it, nowhere is going to be safe.",The Economist
2021-07-23 12:03:38+00:00,"The US now has a ""pandemic of the unvaccinated""","More than 97% of hospitalizations from covid right now are of unvaccinated people, according to the CDC.",CNET
2021-07-23 12:03:38+00:00,"Mark Zuckerberg is going all-in on the ""metaverse""","The tech sector has been excited about blending physical and digital worlds for some time, yet it still feels a long way off.",The Verge
2021-07-23 12:03:38+00:00,The CIA seems to be serious about solving the Havana Syndrome mystery,The officer who helped to hunt down Osama Bin Laden has been given the job to get to the bottom of it.,WSJ
2021-07-23 12:03:38+00:00,We're all burned out,"Now, let's use it as an opportunity to rethink our relationship with work.",Wired UK
2021-07-23 12:03:38+00:00,Twitter's testing a downvote button ,"Just when you think it can't possibly come up with another way to make the experience worse, it somehow does.",BBC
2021-07-23 12:03:38+00:00,Donald Trump Jr is a very aggrieved Instagram influencer,I'm exhausted just reading about him. Imagine actually being him.,The Atlantic
2021-07-23 12:03:38+00:00,The Kayesa ransomware nightmare is nearly over,"A decryption tool has emerged, though the company is tight-lipped about how it got hold of it. ",Wired
2021-07-23 12:03:38+00:00,This drone can beat professional racing pilots,Another win for the bots.,Gizmodo
2021-07-22 12:03:39+00:00,How we'll coexist with covid-19,Much depends on the strength of our immune memories‚Äîand the pace of vaccinations globally.,New Yorker
2021-07-22 12:03:39+00:00,Floods in China have killed dozens,The city of Zhengzhou has had almost a year‚Äôs worth of rain in three days.,WSJ
2021-07-22 12:03:39+00:00,Video game giant Activision is being sued over endemic sexual harassment,"It sounds like the company fostered a truly hellish working environment, especially for women and people of color.",Bloomberg
2021-07-22 12:03:39+00:00,How TikTok works ,It's pretty simple: its algorithms look at how long you spend on each video and feed you more of the stuff you like.,WSJ
2021-07-22 12:03:39+00:00,Why you should care about the fact you're being tracked,This debate can seem theoretical. The case of a Catholic priests' private life being exposed brings it sharply into focus.,NYT
2021-07-22 12:03:39+00:00,A flexible computer chip could enable some amazing inventions,This could let us connect everyday items like clothes and food containers to the internet.,New Scientist
2021-07-22 12:03:39+00:00,Emirati Princess Latifa may have been captured using Pegasus spyware,She has not been seen since her failed 2018 escape from her father.,WP
2021-07-22 12:03:39+00:00,Why gun violence is surging in the US,"Hopefully we will soon find out, thanks to hugely increased research funding.",Nature
2021-07-22 12:03:39+00:00,Can Blue Origin succeed?,"It's by no means guaranteed, despite Tuesday's flight.",Ars Technica
2021-07-22 12:03:39+00:00,Airbnb for pools is now a thing that exists ,And I guess it makes a lot of sense.,WSJ
2021-07-21 12:05:27+00:00,The Olympics kicks off today,"The heat is a problem. So is, er, the rising number of covid cases.",NYT
2021-07-21 12:05:27+00:00,How Zello keeps people connected during South Africa‚Äôs unrest,People are using the walkie-talkie app to coordinate their response to the crisis.,TR
2021-07-21 12:05:27+00:00,How the next generation is reshaping political discourse,The rise of social media and being always online is changing the nature of civic engagement.,TR
2021-07-21 12:05:27+00:00,We need to stop worrying and learn to love GMOs,"The verdict is in, and the potential health benefits are huge.",NYT
2021-07-21 12:05:27+00:00,The huge environmental toll of shipping ,"Today, about 80% of global trade is circulated around the world by about 50,000 ships, and they run on extremely dirty fuel.",Earther
2021-07-21 12:05:27+00:00,"China's defense against hacking charges? ""The US does it too""","Slightly juvenile-sounding, but ultimately accurate.",NBC
2021-07-21 12:05:27+00:00,The man who turned a Farmville clone into a massive Ponzi scheme,Farm Bank might be the biggest and most lucrative app-based grift to date.,Rest of World
2021-07-21 12:05:27+00:00,Why Netflix is getting into games,It's an extension of choose-your-own-adventure experiments like Bandersnatch.,Recode
2021-07-21 12:05:27+00:00," ""Hot vax summer"" is happening, folks ","If our Google searches are anything to go by, anyway.",NPR
2021-07-21 12:05:27+00:00,These cherries floating in water aren't real ,Researchers have created a new way to model surface tension. The results are frighteningly realistic.,Vice
2021-07-20 12:05:05+00:00,The Delta variant will exact a grim toll on poorer countries,"You're either vaccinated, or you're at high risk, and these countries do not have access to enough vaccines.",FT
2021-07-20 12:05:05+00:00,The US and its allies accused China of a major cyber attack,"Specifically, the giant Microsoft Exchange hack that affected at least 30,000 organizations globally.",BBC
2021-07-20 12:05:05+00:00,Wally Funk will defy years of sexism to head into space today ‚Äç,Better late than never.,NYT
2021-07-20 12:05:05+00:00,Why NASA should visit Pluto again,"It'd take 30 years to get there, but we could learn a huge amount about the formation of the solar system.",TR
2021-07-20 12:05:05+00:00,What does Beijing expect from businesses? Total compliance,This does not feel like a recipe for creativity or innovation in the long run.,NYT
2021-07-20 12:05:05+00:00,How skateboard startup Boosted went bust ,This looks like yet another story of a company overextending itself thanks to the influence of VCs.,The Verge
2021-07-20 12:05:05+00:00,Why Olympic athletes are sleeping on cardboard beds Ô∏è,It's nothing to do with discouraging them from having sex. It's just a more eco-friendly option.,Forbes
2021-07-20 12:05:05+00:00,Facial recognition is already everywhere,The lack of regulation feels more and more remarkable with every passing day.,Recode
2021-07-20 12:05:05+00:00,Have Google and Amazon backed the wrong driverless tech? ,Full autonomy still looks miles off. Incremental automation is winning.,FT
2021-07-20 12:05:05+00:00,"Malaysian police steamrollered 1,069 bitcoin mining rigs",This looks like a lot of fun.,CNBC
2021-07-19 12:05:12+00:00,How do we convince vaccine skeptics? ,"For starters, don't begin with the premise that they're irrational or stupid.",National Review
2021-07-19 12:05:12+00:00,"Activists, journalists and lawyers were hacked using NSO Group spyware",This is chilling stuff.,WP
2021-07-19 12:05:12+00:00,The wildfires across the west of the US are growing,"The Bootleg fire has now grown to 476 square miles, an area about the size of Los Angeles.",AP
2021-07-19 12:05:12+00:00,OnlyFans isn't doing enough to protect its performers,"If you're going to take a 20% cut of people's earnings, you'd better earn it.",BBC
2021-07-19 12:05:12+00:00,The space race is back ,"Except this time, it's the US vs China. And billionaires are complicating the picture.",The Guardian
2021-07-19 12:05:12+00:00,Why WeWork didn't work,"After a meteoric rise, the relationship between Adam Neumann and Masayoshi Son fell apart.",WSJ
2021-07-19 12:05:12+00:00,Explaining the mystery seeds Americans received last summer,"Basically, lots of people ordered them then forgot.",The Atlantic
2021-07-19 12:05:12+00:00,The ethics of that Anthony Bourdain deepfake,Artificially putting words in a dead man's mouth certainly feels pretty dodgy to me.,Quartz
2021-07-19 12:05:12+00:00,R√©sum√©s are out. TikTok videos are in.,"This feels skin-crawlingly embarrassing to me, but as an elderly millennial, I'm not the target audience.",NYT
2021-07-19 12:05:12+00:00,Why we murder our Sims ,"An insight into our evil, tortured minds, or just a fun, irreverent way to blow off a bit of steam?",Wired UK
2021-07-16 12:07:16+00:00,The next covid-19 battle? Vaccinating kids üßí,"Really wish everything didn't have to be a battle, but here we are.",Wired
2021-07-16 12:07:16+00:00,Flooding in Germany killed at least 93 people,It's becoming harder and harder to ignore the impact of climate change.,BBC
2021-07-16 12:07:16+00:00,DeepMind is going to open source its protein-folding AI,A win for science.,Nature
2021-07-16 12:07:16+00:00,How China censors video games around the world ‚õî,"The number of gamers there is bigger than the entire populations of the US, Japan, Germany, France and the UK combined.",The Guardian
2021-07-16 12:07:16+00:00,The great Bay Area exodus simply isn't happening,Some people who left very noisily are now returning very quietly.,NYT
2021-07-16 12:07:16+00:00,Fraudsters are cashing in on the chip shortage,Criminals love a vacuum.,WSJ
2021-07-16 12:07:16+00:00,How a city in Florida got convinced to pay for a tunnel for Teslas,"It's unclear who really benefits from this, beyond Elon Musk.",Insider
2021-07-16 12:07:16+00:00,The history of Black Twitter,"Lifting the lid on one of the most creative and vibrant corners of Twitter, and indeed the whole internet.",Wired
2021-07-16 12:07:16+00:00,How many numbers exist? We might know one day,"For years, mathematicians have said it's unknowable. A new proof suggests otherwise.",Quanta
2021-07-16 12:07:16+00:00,You should use emojis at work ,A well-placed emoji can save you a whole lot of words.,NPR
2021-07-15 12:07:24+00:00,Pfizer wants to give you a booster shot‚Äîbut experts say it‚Äôs too soon,Those vaccines should be going to older adults in poor countries who haven‚Äôt yet received their first dose.,TR
2021-07-15 12:07:24+00:00,AI needs to learn to grasp analogies,"Until it does, it can't be truly intelligent.",Quanta
2021-07-15 12:07:24+00:00,"If you find an online security issue in China, you'll have to report it to the government",This looks like yet another power grab by Beijing.,NBC
2021-07-15 12:07:24+00:00,A brain implant enabled a paralyzed man to speak üß†,For the first time since a car crash in 2003. Simply amazing.,NYT
2021-07-15 12:07:24+00:00,Phone hacking tech is having a chilling effect on journalism,"Oppressive governments are increasingly turning to tools like those sold by Cellebrite, an Israeli surveillance firm.",The Daily Beast
2021-07-15 12:07:24+00:00,"A ""green"" pandemic recovery looks unlikely",Trillions of dollars poured into rescuing economies have been spent in ways that worsen the climate crisis.,The Guardian
2021-07-15 12:07:24+00:00,Is social media making us more tactful?,Probably not. But maybe it's helping to make (some of) us more empathetic.,Wired
2021-07-15 12:07:24+00:00,Women are much more likely to have autoimmune diseases,"Sometimes by a factor of 16 or more, yet we remain largely ignorant about the causes. ",Nature
2021-07-15 12:07:24+00:00,Can we trust Netblocks?,It's informed us of virtually every internet shutdown for years. But who monitors the internet monitors?,Wired UK
2021-07-15 12:07:24+00:00,"The concept of ""cool"" needs updating ",Maybe it's time to throw the whole thing in the trash.,Vox
2021-07-14 12:07:59+00:00,The cost of hygiene theater üßΩ,"Obsessing over cleaning can‚Äîand does‚Äîdistract us from things that actually matter, like masks and ventilation.",The Guardian
2021-07-14 12:07:59+00:00,Remote work is a blessing and a curse for women,"They're more likely to want to work from home, yet have a harder time doing so, because they're burdened with most of the housework.",Recode
2021-07-14 12:07:59+00:00,Cuba shows social media blackouts are an increasingly common tactic,The latest events reflect an alarming new normal.,Wired
2021-07-14 12:07:59+00:00,Reminder: the climate crisis does not affect us all equally,"Richer, whiter neighborhoods are dodging some of the worst impacts.",Axios
2021-07-14 12:07:59+00:00,Vaccine misinformation keeps going viral on TikTok,The use of audio clips to dodge bans is a particular problem.,NBC
2021-07-14 12:07:59+00:00,This robot keeps getting fired ü§ñ,"The gap between our expectations of what we think these things can do, and what they actually can do, remains large.",WSJ
2021-07-14 12:07:59+00:00,Inside Facebook's data transparency wars,The story of CrowdTangle shows how Facebook‚Äôs obsession with reputation management gets in the way of its attempts to clean up its platform,NYT
2021-07-14 12:07:59+00:00,"Shein is the future of fast fashion, for better or worse ","When you see production this fast and products this cheap, someone somewhere has to be paying the price for it.",Vox
2021-07-14 12:07:59+00:00,How maps and ocean sensors helped with investigating a missing woman mystery,"Her son was rescued, but her whereabouts remain unknown.",Wired
2021-07-14 12:07:59+00:00,Why we just can't help seeing faces in inanimate objects,Our brains are wired that way.,Ars Technica
2021-07-13 12:07:42+00:00,We're inching closer to breathalyzers for covid,"No more tear-inducing sticks up noses, hopefully.",NYT
2021-07-13 12:07:42+00:00,"Israel has become the first country to approve third ""booster"" shots",For immunocompromised adults.,Times of Israel
2021-07-13 12:07:42+00:00,England's soccer players are being racially abused online,Truly awful.,Vice
2021-07-13 12:07:42+00:00,Drought is stressing California‚Äôs power grid,A vital clean energy source is running dry.,The Verge
2021-07-13 12:07:42+00:00,The pandemic is forcing us to rethink the causes of asthma attacks,"Attacks plummeted in the last year, which suggests viruses and colds play a much bigger role than environmental factors.",The Atlantic
2021-07-13 12:07:42+00:00,What's the best day to go into the office?,There is no one-size-fits-all answer.,Wired UK
2021-07-13 12:07:42+00:00,Facebook wants to lure creators. Good luck.,TikTok and YouTube got there first.,NYT
2021-07-13 12:07:42+00:00,"Elon Musk ""rather hates"" running Tesla","Well, that explains quite a lot.",BBC
2021-07-13 12:07:42+00:00,Amazon wants to watch you sleep ,No thanks.,Gizmodo
2021-07-13 12:07:42+00:00,"Stop doomscrolling, start gaming ",One is way better than the other for your mental health.,Wired
2021-07-12 12:07:58+00:00,How effective are covid-19 vaccines against the Delta variant?,They're keeping people out of hospital. But it's less clear how good they are at preventing infection and transmission.,FT
2021-07-12 12:07:58+00:00,How hot is too hot for the human body? Ô∏è,"Things become much more difficult above 35¬∞C, or around 95¬∞F.",TR
2021-07-12 12:07:58+00:00,Venture capitalists have their sights set on online content creators,"Or more specifically, the tools and platforms they're using.",NYT
2021-07-12 12:07:58+00:00,Why the grid is finally ready for fleets of electric trucks ,Though longer trips still pose a challenge.,TR
2021-07-12 12:07:58+00:00,This robot adapts to avoid stumbling ü§ñ,Adjusting gait for different terrains is easy enough for humans‚Äîbut extremely challenging for robots.,TechCrunch
2021-07-12 12:07:58+00:00,How a ransomware attack works,"This breaks the anatomy of these hacks down, step by step.",WP
2021-07-12 12:07:58+00:00,Amazon is pulling brands from its store‚Äîand consumers suffer as a result,There has to be a better way of dealing with its fake review problem.,The Verge
2021-07-12 12:07:58+00:00,How to make working remotely work,"Out with surveillance and visible busyness, in with defined outcomes and trust.",New Yorker
2021-07-12 12:07:58+00:00,In defense of Twitter,"Yes, it can be awful. But it can be wonderful, too.",FT
2021-07-12 12:07:58+00:00,Bendable ice is a thing that exists üßä,And it's blowing my mind.,Gizmodo
